Workbook

Sheet Sheet1
A1: NTC | B1: 77 | C1: =IFERROR(IF(B8=0, 0,B8+ 1),0) -> 85 | D1: =IFERROR(IF(C8=0, 0,C8+ 1),0) -> 93 | E1: =IFERROR(IF(D8=0, 0,D8+ 1),0) -> 101 | F1: =IFERROR(IF(E8=0, 0,E8+ 1),0) -> 109 | G1: =IFERROR(IF(F8=0, 0,F8+ 1),0) -> 117 | H1: =IFERROR(IF(G8=0, 0,G8+ 1),0) -> 125 | I1: =IFERROR(IF(H8=0, 0,H8+ 1),0) -> 0 | J1: =IFERROR(IF(I8=0, 0,I8+ 1),0) -> 0 | K1: =IFERROR(IF(J8=0, 0,J8+ 1),0) -> 0 | L1: WNV 1:1000
A2: Neg Mosq RNA | B2: =IFERROR(IF(B1=0, 0, B1+1), 0) -> 78 | C2: =IFERROR(IF(C1=0, 0, C1+1), 0) -> 86 | D2: =IFERROR(IF(D1=0, 0, D1+1), 0) -> 94 | E2: =IFERROR(IF(E1=0, 0, E1+1), 0) -> 102 | F2: =IFERROR(IF(F1=0, 0, F1+1), 0) -> 110 | G2: =IFERROR(IF(G1=0, 0, G1+1), 0) -> 118 | H2: =IFERROR(IF(H1=0, 0, H1+1), 0) -> 126 | I2: =IFERROR(IF(I1=0, 0, I1+1), 0) -> 0 | ... K2: =IFERROR(IF(K1=0, 0, K1+1), 0) -> 0 | L2: WNV RNA
B3: =IFERROR(IF(B2=0, 0, B2+1), 0) -> 79 | C3: =IFERROR(IF(C2=0, 0, C2+1), 0) -> 87 | D3: =IFERROR(IF(D2=0, 0, D2+1), 0) -> 95 | E3: =IFERROR(IF(E2=0, 0, E2+1), 0) -> 103 | F3: =IFERROR(IF(F2=0, 0, F2+1), 0) -> 111 | G3: =IFERROR(IF(G2=0, 0, G2+1), 0) -> 119 | H3: =IFERROR(IF(H2=0, 0, H2+1), 0) -> 127 | I3: =IFERROR(IF(I2=0, 0, I2+1), 0) -> 0 | ... K3: =IFERROR(IF(K2=0, 0, K2+1), 0) -> 0
B4: =IFERROR(IF(B3=0, 0, B3+1), 0) -> 80 | C4: =IFERROR(IF(C3=0, 0, C3+1), 0) -> 88 | D4: =IFERROR(IF(D3=0, 0, D3+1), 0) -> 96 | E4: =IFERROR(IF(E3=0, 0, E3+1), 0) -> 104 | F4: =IFERROR(IF(F3=0, 0, F3+1), 0) -> 112 | G4: =IFERROR(IF(G3=0, 0, G3+1), 0) -> 120 | H4: =IFERROR(IF(H3=0, 0, H3+1), 0) -> 128 | I4: =IFERROR(IF(I3=0, 0, I3+1), 0) -> 0 | ... K4: =IFERROR(IF(K3=0, 0, K3+1), 0) -> 0
B5: =IFERROR(IF(B4=0, 0, B4+1), 0) -> 81 | C5: =IFERROR(IF(C4=0, 0, C4+1), 0) -> 89 | D5: =IFERROR(IF(D4=0, 0, D4+1), 0) -> 97 | E5: =IFERROR(IF(E4=0, 0, E4+1), 0) -> 105 | F5: =IFERROR(IF(F4=0, 0, F4+1), 0) -> 113 | G5: =IFERROR(IF(G4=0, 0, G4+1), 0) -> 121 | H5: 0 | I5: =IFERROR(IF(I4=0, 0, I4+1), 0) -> 0 | J5: =IFERROR(IF(J4=0, 0, J4+1), 0) -> 0 | K5: =IFERROR(IF(K4=0, 0, K4+1), 0) -> 0 | L5: SLE RNA
B6: =IFERROR(IF(B5=0, 0,B5+ 1),0) -> 82 | C6: =IFERROR(IF(C5=0, 0,C5+ 1),0) -> 90 | D6: =IFERROR(IF(D5=0, 0,D5+ 1),0) -> 98 | E6: =IFERROR(IF(E5=0, 0,E5+ 1),0) -> 106 | F6: =IFERROR(IF(F5=0, 0,F5+ 1),0) -> 114 | G6: =IFERROR(IF(G5=0, 0,G5+ 1),0) -> 122 | H6: =IFERROR(IF(H5=0, 0,H5+ 1),0) -> 0 | I6: =IFERROR(IF(I5=0, 0,I5+ 1),0) -> 0 | ... K6: =IFERROR(IF(K5=0, 0,K5+ 1),0) -> 0
B7: =IFERROR(IF(B6=0, 0,B6+ 1),0) -> 83 | C7: =IFERROR(IF(C6=0, 0,C6+ 1),0) -> 91 | D7: =IFERROR(IF(D6=0, 0,D6+ 1),0) -> 99 | E7: =IFERROR(IF(E6=0, 0,E6+ 1),0) -> 107 | F7: =IFERROR(IF(F6=0, 0,F6+ 1),0) -> 115 | G7: =IFERROR(IF(G6=0, 0,G6+ 1),0) -> 123 | H7: =IFERROR(IF(H6=0, 0,H6+ 1),0) -> 0 | I7: =IFERROR(IF(I6=0, 0,I6+ 1),0) -> 0 | ... K7: =IFERROR(IF(K6=0, 0,K6+ 1),0) -> 0
B8: =IFERROR(IF(B7=0, 0,B7+ 1),0) -> 84 | C8: =IFERROR(IF(C7=0, 0,C7+ 1),0) -> 92 | D8: =IFERROR(IF(D7=0, 0,D7+ 1),0) -> 100 | E8: =IFERROR(IF(E7=0, 0,E7+ 1),0) -> 108 | F8: =IFERROR(IF(F7=0, 0,F7+ 1),0) -> 116 | G8: =IFERROR(IF(G7=0, 0,G7+ 1),0) -> 124 | H8: =IFERROR(IF(H7=0, 0,H7+ 1),0) -> 0 | I8: =IFERROR(IF(I7=0, 0,I7+ 1),0) -> 0 | ... K8: =IFERROR(IF(K7=0, 0,K7+ 1),0) -> 0 | L8: EEE RNA
A11: Well | B11: Sample Name | C11: Detector
A12: 1 | B12: =A1 -> NTC | C12: SLE 1
A13: 1 | B13: =A1 -> NTC | C13: EEE
A14: 1 | B14: =A1 -> NTC | C14: WNV 1
A15: 2 | B15: =B1 -> 77 | C15: SLE 1
A16: 2 | B16: =B1 -> 77 | C16: EEE
A17: 2 | B17: =B1 -> 77 | C17: WNV 1
A18: 3 | B18: =C1 -> 85 | C18: SLE 1
A19: 3 | B19: =C1 -> 85 | C19: EEE
A20: 3 | B20: =C1 -> 85 | C20: WNV 1
A21: 4 | B21: =D1 -> 93 | C21: SLE 1
A22: 4 | B22: =D1 -> 93 | C22: EEE
A23: 4 | B23: =D1 -> 93 | C23: WNV 1
A24: 5 | B24: =E1 -> 101 | C24: SLE 1
A25: 5 | B25: =E1 -> 101 | C25: EEE
A26: 5 | B26: =E1 -> 101 | C26: WNV 1
A27: 6 | B27: =F1 -> 109 | C27: SLE 1
A28: 6 | B28: =F1 -> 109 | C28: EEE
A29: 6 | B29: =F1 -> 109 | C29: WNV 1
A30: 7 | B30: =G1 -> 117 | C30: SLE 1
A31: 7 | B31: =G1 -> 117 | C31: EEE
A32: 7 | B32: =G1 -> 117 | C32: WNV 1
A33: 8 | B33: =H1 -> 125 | C33: SLE 1
A34: 8 | B34: =H1 -> 125 | C34: EEE
A35: 8 | B35: =H1 -> 125 | C35: WNV 1
A36: 9 | B36: =I1 -> 0 | C36: SLE 1
A37: 9 | B37: =I1 -> 0 | C37: EEE
A38: 9 | B38: =I1 -> 0 | C38: WNV 1
A39: 10 | B39: =J1 -> 0 | C39: SLE 1
A40: 10 | B40: =J1 -> 0 | C40: EEE
A41: 10 | B41: =J1 -> 0 | C41: WNV 1
A42: 11 | B42: =K1 -> 0 | C42: SLE 1
A43: 11 | B43: =K1 -> 0 | C43: EEE
A44: 11 | B44: =K1 -> 0 | C44: WNV 1
A45: 12 | B45: =L1 -> WNV 1:1000 | C45: SLE 1
A46: 12 | B46: =L1 -> WNV 1:1000 | C46: EEE
A47: 12 | B47: =L1 -> WNV 1:1000 | C47: WNV 1
A48: 13 | B48: =A2 -> Neg Mosq RNA | C48: SLE 1
A49: 13 | B49: =A2 -> Neg Mosq RNA | C49: EEE
A50: 13 | B50: =A2 -> Neg Mosq RNA | C50: WNV 1
A51: 14 | B51: =B2 -> 78 | C51: SLE 1
A52: 14 | B52: =B2 -> 78 | C52: EEE
A53: 14 | B53: =B2 -> 78 | C53: WNV 1
A54: 15 | B54: =C2 -> 86 | C54: SLE 1
A55: 15 | B55: =C2 -> 86 | C55: EEE
A56: 15 | B56: =C2 -> 86 | C56: WNV 1
A57: 16 | B57: =D2 -> 94 | C57: SLE 1
A58: 16 | B58: =D2 -> 94 | C58: EEE
A59: 16 | B59: =D2 -> 94 | C59: WNV 1
A60: 17 | B60: =E2 -> 102 | C60: SLE 1
A61: 17 | B61: =E2 -> 102 | C61: EEE
A62: 17 | B62: =E2 -> 102 | C62: WNV 1
A63: 18 | B63: =F2 -> 110 | C63: SLE 1
A64: 18 | B64: =F2 -> 110 | C64: EEE
A65: 18 | B65: =F2 -> 110 | C65: WNV 1
A66: 19 | B66: =G2 -> 118 | C66: SLE 1
A67: 19 | B67: =G2 -> 118 | C67: EEE
A68: 19 | B68: =G2 -> 118 | C68: WNV 1
A69: 20 | B69: =H2 -> 126 | C69: SLE 1
A70: 20 | B70: =H2 -> 126 | C70: EEE
A71: 20 | B71: =H2 -> 126 | C71: WNV 1
A72: 21 | B72: =I2 -> 0 | C72: SLE 1
A73: 21 | B73: =I2 -> 0 | C73: EEE
A74: 21 | B74: =I2 -> 0 | C74: WNV 1
A75: 22 | B75: =J2 -> 0 | C75: SLE 1
A76: 22 | B76: =J2 -> 0 | C76: EEE
A77: 22 | B77: =J2 -> 0 | C77: WNV 1
A78: 23 | B78: =K2 -> 0 | C78: SLE 1
A79: 23 | B79: =K2 -> 0 | C79: EEE
A80: 23 | B80: =K2 -> 0 | C80: WNV 1
A81: 24 | B81: =L2 -> WNV RNA | C81: SLE 1
A82: 24 | B82: =L2 -> WNV RNA | C82: EEE
A83: 24 | B83: =L2 -> WNV RNA | C83: WNV 1
A84: 25 | C84: SLE 1
A85: 25 | C85: EEE
A86: 25 | C86: WNV 1
A87: 26 | B87: =B3 -> 79 | C87: SLE 1
A88: 26 | B88: =B3 -> 79 | C88: EEE
A89: 26 | B89: =B3 -> 79 | C89: WNV 1
A90: 27 | B90: =C3 -> 87 | C90: SLE 1
A91: 27 | B91: =C3 -> 87 | C91: EEE
A92: 27 | B92: =C3 -> 87 | C92: WNV 1
A93: 28 | B93: =D3 -> 95 | C93: SLE 1
A94: 28 | B94: =D3 -> 95 | C94: EEE
A95: 28 | B95: =D3 -> 95 | C95: WNV 1
A96: 29 | B96: =E3 -> 103 | C96: SLE 1
A97: 29 | B97: =E3 -> 103 | C97: EEE
A98: 29 | B98: =E3 -> 103 | C98: WNV 1
A99: 30 | B99: =F3 -> 111 | C99: SLE 1
A100: 30 | B100: =F3 -> 111 | C100: EEE
A101: 30 | B101: =F3 -> 111 | C101: WNV 1
A102: 31 | B102: =G3 -> 119 | C102: SLE 1
...

Sheet Sheet2
A1: *** SDS Setup File Version | B1: 3
A2: *** Output Plate Size | B2: 96
A3: *** Output Plate ID | B3: Culex.sds
A4: *** Number of Detectors | B4: 3
A5: Detector | B5: Reporter | C5: Quencher | D5: Description | E5: Comments
A6: SLE 1 | B6: CY5
A7: EEE | B7: VIC
A8: WNV 1 | B8: FAM
A9: Well | B9: Sample Name | C9: Detector | D9: Task | E9: Quantity
A10: 1 | B10: =[1]Sheet1!$B12 -> NTC | C10: =[1]Sheet1!$C12 -> SLE 1 | D10: UNKN
A11: 1 | B11: =[1]Sheet1!$B13 -> NTC | C11: =[1]Sheet1!$C13 -> EEE | D11: UNKN
A12: 1 | B12: =[1]Sheet1!$B14 -> NTC | C12: =[1]Sheet1!$C14 -> WNV 1 | D12: UNKN
A13: 2 | B13: =IFERROR(IF(AND(ISNUMBER(Sheet1!B15), Sheet1!B15=INT(Sheet1!B15), Sheet1!B15<>0), "C"&Sheet1!B15, Sheet1!B15), Sheet1!B15) -> C77 | C13: =[1]Sheet1!$C15 -> SLE 1 | D13: UNKN
A14: 2 | B14: =IFERROR(IF(AND(ISNUMBER(Sheet1!B16), Sheet1!B16=INT(Sheet1!B16), Sheet1!B16<>0), "C"&Sheet1!B16, Sheet1!B16), Sheet1!B16) -> C77 | C14: =[1]Sheet1!$C16 -> EEE | D14: UNKN
A15: 2 | B15: =IFERROR(IF(AND(ISNUMBER(Sheet1!B17), Sheet1!B17=INT(Sheet1!B17), Sheet1!B17<>0), "C"&Sheet1!B17, Sheet1!B17), Sheet1!B17) -> C77 | C15: =[1]Sheet1!$C17 -> WNV 1 | D15: UNKN
A16: 3 | B16: =IFERROR(IF(AND(ISNUMBER(Sheet1!B18), Sheet1!B18=INT(Sheet1!B18), Sheet1!B18<>0), "C"&Sheet1!B18, Sheet1!B18), Sheet1!B18) -> C85 | C16: =[1]Sheet1!$C18 -> SLE 1 | D16: UNKN
A17: 3 | B17: =IFERROR(IF(AND(ISNUMBER(Sheet1!B19), Sheet1!B19=INT(Sheet1!B19), Sheet1!B19<>0), "C"&Sheet1!B19, Sheet1!B19), Sheet1!B19) -> C85 | C17: =[1]Sheet1!$C19 -> EEE | D17: UNKN
A18: 3 | B18: =IFERROR(IF(AND(ISNUMBER(Sheet1!B20), Sheet1!B20=INT(Sheet1!B20), Sheet1!B20<>0), "C"&Sheet1!B20, Sheet1!B20), Sheet1!B20) -> C85 | C18: =[1]Sheet1!$C20 -> WNV 1 | D18: UNKN
A19: 4 | B19: =IFERROR(IF(AND(ISNUMBER(Sheet1!B21), Sheet1!B21=INT(Sheet1!B21), Sheet1!B21<>0), "C"&Sheet1!B21, Sheet1!B21), Sheet1!B21) -> C93 | C19: =[1]Sheet1!$C21 -> SLE 1 | D19: UNKN
A20: 4 | B20: =IFERROR(IF(AND(ISNUMBER(Sheet1!B22), Sheet1!B22=INT(Sheet1!B22), Sheet1!B22<>0), "C"&Sheet1!B22, Sheet1!B22), Sheet1!B22) -> C93 | C20: =[1]Sheet1!$C22 -> EEE | D20: UNKN
A21: 4 | B21: =IFERROR(IF(AND(ISNUMBER(Sheet1!B23), Sheet1!B23=INT(Sheet1!B23), Sheet1!B23<>0), "C"&Sheet1!B23, Sheet1!B23), Sheet1!B23) -> C93 | C21: =[1]Sheet1!$C23 -> WNV 1 | D21: UNKN
A22: 5 | B22: =IFERROR(IF(AND(ISNUMBER(Sheet1!B24), Sheet1!B24=INT(Sheet1!B24), Sheet1!B24<>0), "C"&Sheet1!B24, Sheet1!B24), Sheet1!B24) -> C101 | C22: =[1]Sheet1!$C24 -> SLE 1 | D22: UNKN
A23: 5 | B23: =IFERROR(IF(AND(ISNUMBER(Sheet1!B25), Sheet1!B25=INT(Sheet1!B25), Sheet1!B25<>0), "C"&Sheet1!B25, Sheet1!B25), Sheet1!B25) -> C101 | C23: =[1]Sheet1!$C25 -> EEE | D23: UNKN
A24: 5 | B24: =IFERROR(IF(AND(ISNUMBER(Sheet1!B26), Sheet1!B26=INT(Sheet1!B26), Sheet1!B26<>0), "C"&Sheet1!B26, Sheet1!B26), Sheet1!B26) -> C101 | C24: =[1]Sheet1!$C26 -> WNV 1 | D24: UNKN
... A42: 11 | B42: =IFERROR(IF(AND(ISNUMBER(Sheet1!B44), Sheet1!B44=INT(Sheet1!B44), Sheet1!B44<>0), "C"&Sheet1!B44, Sheet1!B44), Sheet1!B44) -> 0 | C42: =[1]Sheet1!$C44 -> WNV 1 | D42: UNKN
A43: 12 | B43: =[1]Sheet1!$B45 -> WNV 1:1000 | C43: =[1]Sheet1!$C45 -> SLE 1 | D43: UNKN
A44: 12 | B44: =[1]Sheet1!$B46 -> WNV 1:1000 | C44: =[1]Sheet1!$C46 -> EEE | D44: UNKN
A45: 12 | B45: =[1]Sheet1!$B47 -> WNV 1:1000 | C45: =[1]Sheet1!$C47 -> WNV 1 | D45: UNKN
A46: 13 | B46: =[1]Sheet1!$B48 -> Neg Mosq RNA | C46: =[1]Sheet1!$C48 -> SLE 1 | D46: UNKN
A47: 13 | B47: =[1]Sheet1!$B49 -> Neg Mosq RNA | C47: =[1]Sheet1!$C49 -> EEE | D47: UNKN
A48: 13 | B48: =[1]Sheet1!$B50 -> Neg Mosq RNA | C48: =[1]Sheet1!$C50 -> WNV 1 | D48: UNKN
A49: 14 | B49: =IFERROR(IF(AND(ISNUMBER(Sheet1!B51), Sheet1!B51=INT(Sheet1!B51), Sheet1!B51<>0), "C"&Sheet1!B51, Sheet1!B51), Sheet1!B51) -> C78 | C49: =[1]Sheet1!$C51 -> SLE 1 | D49: UNKN
A50: 14 | B50: =IFERROR(IF(AND(ISNUMBER(Sheet1!B52), Sheet1!B52=INT(Sheet1!B52), Sheet1!B52<>0), "C"&Sheet1!B52, Sheet1!B52), Sheet1!B52) -> C78 | C50: =[1]Sheet1!$C52 -> EEE | D50: UNKN
A51: 14 | B51: =IFERROR(IF(AND(ISNUMBER(Sheet1!B53), Sheet1!B53=INT(Sheet1!B53), Sheet1!B53<>0), "C"&Sheet1!B53, Sheet1!B53), Sheet1!B53) -> C78 | C51: =[1]Sheet1!$C53 -> WNV 1 | D51: UNKN
A52: 15 | B52: =IFERROR(IF(AND(ISNUMBER(Sheet1!B54), Sheet1!B54=INT(Sheet1!B54), Sheet1!B54<>0), "C"&Sheet1!B54, Sheet1!B54), Sheet1!B54) -> C86 | C52: =[1]Sheet1!$C54 -> SLE 1 | D52: UNKN
A53: 15 | B53: =IFERROR(IF(AND(ISNUMBER(Sheet1!B55), Sheet1!B55=INT(Sheet1!B55), Sheet1!B55<>0), "C"&Sheet1!B55, Sheet1!B55), Sheet1!B55) -> C86 | C53: =[1]Sheet1!$C55 -> EEE | D53: UNKN
A54: 15 | B54: =IFERROR(IF(AND(ISNUMBER(Sheet1!B56), Sheet1!B56=INT(Sheet1!B56), Sheet1!B56<>0), "C"&Sheet1!B56, Sheet1!B56), Sheet1!B56) -> C86 | C54: =[1]Sheet1!$C56 -> WNV 1 | D54: UNKN
A55: 16 | B55: =IFERROR(IF(AND(ISNUMBER(Sheet1!B57), Sheet1!B57=INT(Sheet1!B57), Sheet1!B57<>0), "C"&Sheet1!B57, Sheet1!B57), Sheet1!B57) -> C94 | C55: =[1]Sheet1!$C57 -> SLE 1 | D55: UNKN
A56: 16 | B56: =IFERROR(IF(AND(ISNUMBER(Sheet1!B58), Sheet1!B58=INT(Sheet1!B58), Sheet1!B58<>0), "C"&Sheet1!B58, Sheet1!B58), Sheet1!B58) -> C94 | C56: =[1]Sheet1!$C58 -> EEE | D56: UNKN
A57: 16 | B57: =IFERROR(IF(AND(ISNUMBER(Sheet1!B59), Sheet1!B59=INT(Sheet1!B59), Sheet1!B59<>0), "C"&Sheet1!B59, Sheet1!B59), Sheet1!B59) -> C94 | C57: =[1]Sheet1!$C59 -> WNV 1 | D57: UNKN
A58: 17 | B58: =IFERROR(IF(AND(ISNUMBER(Sheet1!B60), Sheet1!B60=INT(Sheet1!B60), Sheet1!B60<>0), "C"&Sheet1!B60, Sheet1!B60), Sheet1!B60) -> C102 | C58: =[1]Sheet1!$C60 -> SLE 1 | D58: UNKN
A59: 17 | B59: =IFERROR(IF(AND(ISNUMBER(Sheet1!B61), Sheet1!B61=INT(Sheet1!B61), Sheet1!B61<>0), "C"&Sheet1!B61, Sheet1!B61), Sheet1!B61) -> C102 | C59: =[1]Sheet1!$C61 -> EEE | D59: UNKN
A60: 17 | B60: =IFERROR(IF(AND(ISNUMBER(Sheet1!B62), Sheet1!B62=INT(Sheet1!B62), Sheet1!B62<>0), "C"&Sheet1!B62, Sheet1!B62), Sheet1!B62) -> C102 | C60: =[1]Sheet1!$C62 -> WNV 1 | D60: UNKN
... A78: 23 | B78: =IFERROR(IF(AND(ISNUMBER(Sheet1!B80), Sheet1!B80=INT(Sheet1!B80), Sheet1!B80<>0), "C"&Sheet1!B80, Sheet1!B80), Sheet1!B80) -> 0 | C78: =[1]Sheet1!$C80 -> WNV 1 | D78: UNKN
A79: 24 | B79: =[1]Sheet1!$B81 -> WNV RNA | C79: =[1]Sheet1!$C81 -> SLE 1 | D79: UNKN
A80: 24 | B80: =[1]Sheet1!$B82 -> WNV RNA | C80: =[1]Sheet1!$C82 -> EEE | D80: UNKN
A81: 24 | B81: =[1]Sheet1!$B83 -> WNV RNA | C81: =[1]Sheet1!$C83 -> WNV 1 | D81: UNKN
A82: 25 | C82: =[1]Sheet1!$C84 -> SLE 1 | D82: UNKN
A83: 25 | C83: =[1]Sheet1!$C85 -> EEE | D83: UNKN
A84: 25 | C84: =[1]Sheet1!$C86 -> WNV 1 | D84: UNKN
A85: 26 | B85: =IFERROR(IF(AND(ISNUMBER(Sheet1!B87), Sheet1!B87=INT(Sheet1!B87), Sheet1!B87<>0), "C"&Sheet1!B87, Sheet1!B87), Sheet1!B87) -> C79 | C85: =[1]Sheet1!$C87 -> SLE 1 | D85: UNKN
A86: 26 | B86: =IFERROR(IF(AND(ISNUMBER(Sheet1!B88), Sheet1!B88=INT(Sheet1!B88), Sheet1!B88<>0), "C"&Sheet1!B88, Sheet1!B88), Sheet1!B88) -> C79 | C86: =[1]Sheet1!$C88 -> EEE | D86: UNKN
A87: 26 | B87: =IFERROR(IF(AND(ISNUMBER(Sheet1!B89), Sheet1!B89=INT(Sheet1!B89), Sheet1!B89<>0), "C"&Sheet1!B89, Sheet1!B89), Sheet1!B89) -> C79 | C87: =[1]Sheet1!$C89 -> WNV 1 | D87: UNKN
A88: 27 | B88: =IFERROR(IF(AND(ISNUMBER(Sheet1!B90), Sheet1!B90=INT(Sheet1!B90), Sheet1!B90<>0), "C"&Sheet1!B90, Sheet1!B90), Sheet1!B90) -> C87 | C88: =[1]Sheet1!$C90 -> SLE 1 | D88: UNKN
A89: 27 | B89: =IFERROR(IF(AND(ISNUMBER(Sheet1!B91), Sheet1!B91=INT(Sheet1!B91), Sheet1!B91<>0), "C"&Sheet1!B91, Sheet1!B91), Sheet1!B91) -> C87 | C89: =[1]Sheet1!$C91 -> EEE | D89: UNKN
A90: 27 | B90: =IFERROR(IF(AND(ISNUMBER(Sheet1!B92), Sheet1!B92=INT(Sheet1!B92), Sheet1!B92<>0), "C"&Sheet1!B92, Sheet1!B92), Sheet1!B92) -> C87 | C90: =[1]Sheet1!$C92 -> WNV 1 | D90: UNKN
A91: 28 | B91: =IFERROR(IF(AND(ISNUMBER(Sheet1!B93), Sheet1!B93=INT(Sheet1!B93), Sheet1!B93<>0), "C"&Sheet1!B93, Sheet1!B93), Sheet1!B93) -> C95 | C91: =[1]Sheet1!$C93 -> SLE 1 | D91: UNKN
A92: 28 | B92: =IFERROR(IF(AND(ISNUMBER(Sheet1!B94), Sheet1!B94=INT(Sheet1!B94), Sheet1!B94<>0), "C"&Sheet1!B94, Sheet1!B94), Sheet1!B94) -> C95 | C92: =[1]Sheet1!$C94 -> EEE | D92: UNKN
A93: 28 | B93: =IFERROR(IF(AND(ISNUMBER(Sheet1!B95), Sheet1!B95=INT(Sheet1!B95), Sheet1!B95<>0), "C"&Sheet1!B95, Sheet1!B95), Sheet1!B95) -> C95 | C93: =[1]Sheet1!$C95 -> WNV 1 | D93: UNKN
A94: 29 | B94: =IFERROR(IF(AND(ISNUMBER(Sheet1!B96), Sheet1!B96=INT(Sheet1!B96), Sheet1!B96<>0), "C"&Sheet1!B96, Sheet1!B96), Sheet1!B96) -> C103 | C94: =[1]Sheet1!$C96 -> SLE 1 | D94: UNKN
A95: 29 | B95: =IFERROR(IF(AND(ISNUMBER(Sheet1!B97), Sheet1!B97=INT(Sheet1!B97), Sheet1!B97<>0), "C"&Sheet1!B97, Sheet1!B97), Sheet1!B97) -> C103 | C95: =[1]Sheet1!$C97 -> EEE | D95: UNKN
A96: 29 | B96: =IFERROR(IF(AND(ISNUMBER(Sheet1!B98), Sheet1!B98=INT(Sheet1!B98), Sheet1!B98<>0), "C"&Sheet1!B98, Sheet1!B98), Sheet1!B98) -> C103 | C96: =[1]Sheet1!$C98 -> WNV 1 | D96: UNKN
... A114: 35 | B114: =IFERROR(IF(AND(ISNUMBER(Sheet1!B116), Sheet1!B116=INT(Sheet1!B116), Sheet1!B116<>0), "C"&Sheet1!B116, Sheet1!B116), Sheet1!B116) -> 0 | C114: =[1]Sheet1!$C116 -> WNV 1 | D114: UNKN
A115: 36 | C115: =[1]Sheet1!$C117 -> SLE 1 | D115: UNKN
A116: 36 | C116: =[1]Sheet1!$C118 -> EEE | D116: UNKN
A117: 36 | C117: =[1]Sheet1!$C119 -> WNV 1 | D117: UNKN
A118: 37 | C118: =[1]Sheet1!$C120 -> SLE 1 | D118: UNKN
A119: 37 | C119: =[1]Sheet1!$C121 -> EEE | D119: UNKN
A120: 37 | C120: =[1]Sheet1!$C122 -> WNV 1 | D120: UNKN
A121: 38 | B121: =IFERROR(IF(AND(ISNUMBER(Sheet1!B123), Sheet1!B123=INT(Sheet1!B123), Sheet1!B123<>0), "C"&Sheet1!B123, Sheet1!B123), Sheet1!B123) -> C80 | C121: =[1]Sheet1!$C123 -> SLE 1 | D121: UNKN
A122: 38 | B122: =IFERROR(IF(AND(ISNUMBER(Sheet1!B124), Sheet1!B124=INT(Sheet1!B124), Sheet1!B124<>0), "C"&Sheet1!B124, Sheet1!B124), Sheet1!B124) -> C80 | C122: =[1]Sheet1!$C124 -> EEE | D122: UNKN
A123: 38 | B123: =IFERROR(IF(AND(ISNUMBER(Sheet1!B125), Sheet1!B125=INT(Sheet1!B125), Sheet1!B125<>0), "C"&Sheet1!B125, Sheet1!B125), Sheet1!B125) -> C80 | C123: =[1]Sheet1!$C125 -> WNV 1 | D123: UNKN
A124: 39 | B124: =IFERROR(IF(AND(ISNUMBER(Sheet1!B126), Sheet1!B126=INT(Sheet1!B126), Sheet1!B126<>0), "C"&Sheet1!B126, Sheet1!B126), Sheet1!B126) -> C88 | C124: =[1]Sheet1!$C126 -> SLE 1 | D124: UNKN
A125: 39 | B125: =IFERROR(IF(AND(ISNUMBER(Sheet1!B127), Sheet1!B127=INT(Sheet1!B127), Sheet1!B127<>0), "C"&Sheet1!B127, Sheet1!B127), Sheet1!B127) -> C88 | C125: =[1]Sheet1!$C127 -> EEE | D125: UNKN
A126: 39 | B126: =IFERROR(IF(AND(ISNUMBER(Sheet1!B128), Sheet1!B128=INT(Sheet1!B128), Sheet1!B128<>0), "C"&Sheet1!B128, Sheet1!B128), Sheet1!B128) -> C88 | C126: =[1]Sheet1!$C128 -> WNV 1 | D126: UNKN
A127: 40 | B127: =IFERROR(IF(AND(ISNUMBER(Sheet1!B129), Sheet1!B129=INT(Sheet1!B129), Sheet1!B129<>0), "C"&Sheet1!B129, Sheet1!B129), Sheet1!B129) -> C96 | C127: =[1]Sheet1!$C129 -> SLE 1 | D127: UNKN
A128: 40 | B128: =IFERROR(IF(AND(ISNUMBER(Sheet1!B130), Sheet1!B130=INT(Sheet1!B130), Sheet1!B130<>0), "C"&Sheet1!B130, Sheet1!B130), Sheet1!B130) -> C96 | C128: =[1]Sheet1!$C130 -> EEE | D128: UNKN
A129: 40 | B129: =IFERROR(IF(AND(ISNUMBER(Sheet1!B131), Sheet1!B131=INT(Sheet1!B131), Sheet1!B131<>0), "C"&Sheet1!B131, Sheet1!B131), Sheet1!B131) -> C96 | C129: =[1]Sheet1!$C131 -> WNV 1 | D129: UNKN
A130: 41 | B130: =IFERROR(IF(AND(ISNUMBER(Sheet1!B132), Sheet1!B132=INT(Sheet1!B132), Sheet1!B132<>0), "C"&Sheet1!B132, Sheet1!B132), Sheet1!B132) -> C104 | C130: =[1]Sheet1!$C132 -> SLE 1 | D130: UNKN
A131: 41 | B131: =IFERROR(IF(AND(ISNUMBER(Sheet1!B133), Sheet1!B133=INT(Sheet1!B133), Sheet1!B133<>0), "C"&Sheet1!B133, Sheet1!B133), Sheet1!B133) -> C104 | C131: =[1]Sheet1!$C133 -> EEE | D131: UNKN
A132: 41 | B132: =IFERROR(IF(AND(ISNUMBER(Sheet1!B134), Sheet1!B134=INT(Sheet1!B134), Sheet1!B134<>0), "C"&Sheet1!B134, Sheet1!B134), Sheet1!B134) -> C104 | C132: =[1]Sheet1!$C134 -> WNV 1 | D132: UNKN
... A150: 47 | B150: =IFERROR(IF(AND(ISNUMBER(Sheet1!B152), Sheet1!B152=INT(Sheet1!B152), Sheet1!B152<>0), "C"&Sheet1!B152, Sheet1!B152), Sheet1!B152) -> 0 | C150: =[1]Sheet1!$C152 -> WNV 1 | D150: UNKN
A151: 48 | C151: =[1]Sheet1!$C153 -> SLE 1 | D151: UNKN
A152: 48 | C152: =[1]Sheet1!$C154 -> EEE | D152: UNKN
A153: 48 | C153: =[1]Sheet1!$C155 -> WNV 1 | D153: UNKN
A154: 49 | C154: =[1]Sheet1!$C156 -> SLE 1 | D154: UNKN
A155: 49 | C155: =[1]Sheet1!$C157 -> EEE | D155: UNKN
A156: 49 | C156: =[1]Sheet1!$C158 -> WNV 1 | D156: UNKN
A157: 50 | B157: =IFERROR(IF(AND(ISNUMBER(Sheet1!B159), Sheet1!B159=INT(Sheet1!B159), Sheet1!B159<>0), "C"&Sheet1!B159, Sheet1!B159), Sheet1!B159) -> C81 | C157: =[1]Sheet1!$C159 -> SLE 1 | D157: UNKN
A158: 50 | B158: =IFERROR(IF(AND(ISNUMBER(Sheet1!B160), Sheet1!B160=INT(Sheet1!B160), Sheet1!B160<>0), "C"&Sheet1!B160, Sheet1!B160), Sheet1!B160) -> C81 | C158: =[1]Sheet1!$C160 -> EEE | D158: UNKN
A159: 50 | B159: =IFERROR(IF(AND(ISNUMBER(Sheet1!B161), Sheet1!B161=INT(Sheet1!B161), Sheet1!B161<>0), "C"&Sheet1!B161, Sheet1!B161), Sheet1!B161) -> C81 | C159: =[1]Sheet1!$C161 -> WNV 1 | D159: UNKN
A160: 51 | B160: =IFERROR(IF(AND(ISNUMBER(Sheet1!B162), Sheet1!B162=INT(Sheet1!B162), Sheet1!B162<>0), "C"&Sheet1!B162, Sheet1!B162), Sheet1!B162) -> C89 | C160: =[1]Sheet1!$C162 -> SLE 1 | D160: UNKN
A161: 51 | B161: =IFERROR(IF(AND(ISNUMBER(Sheet1!B163), Sheet1!B163=INT(Sheet1!B163), Sheet1!B163<>0), "C"&Sheet1!B163, Sheet1!B163), Sheet1!B163) -> C89 | C161: =[1]Sheet1!$C163 -> EEE | D161: UNKN
A162: 51 | B162: =IFERROR(IF(AND(ISNUMBER(Sheet1!B164), Sheet1!B164=INT(Sheet1!B164), Sheet1!B164<>0), "C"&Sheet1!B164, Sheet1!B164), Sheet1!B164) -> C89 | C162: =[1]Sheet1!$C164 -> WNV 1 | D162: UNKN
A163: 52 | B163: =IFERROR(IF(AND(ISNUMBER(Sheet1!B165), Sheet1!B165=INT(Sheet1!B165), Sheet1!B165<>0), "C"&Sheet1!B165, Sheet1!B165), Sheet1!B165) -> C97 | C163: =[1]Sheet1!$C165 -> SLE 1 | D163: UNKN
A164: 52 | B164: =IFERROR(IF(AND(ISNUMBER(Sheet1!B166), Sheet1!B166=INT(Sheet1!B166), Sheet1!B166<>0), "C"&Sheet1!B166, Sheet1!B166), Sheet1!B166) -> C97 | C164: =[1]Sheet1!$C166 -> EEE | D164: UNKN
A165: 52 | B165: =IFERROR(IF(AND(ISNUMBER(Sheet1!B167), Sheet1!B167=INT(Sheet1!B167), Sheet1!B167<>0), "C"&Sheet1!B167, Sheet1!B167), Sheet1!B167) -> C97 | C165: =[1]Sheet1!$C167 -> WNV 1 | D165: UNKN
A166: 53 | B166: =IFERROR(IF(AND(ISNUMBER(Sheet1!B168), Sheet1!B168=INT(Sheet1!B168), Sheet1!B168<>0), "C"&Sheet1!B168, Sheet1!B168), Sheet1!B168) -> C105 | C166: =[1]Sheet1!$C168 -> SLE 1 | D166: UNKN
A167: 53 | B167: =IFERROR(IF(AND(ISNUMBER(Sheet1!B169), Sheet1!B169=INT(Sheet1!B169), Sheet1!B169<>0), "C"&Sheet1!B169, Sheet1!B169), Sheet1!B169) -> C105 | C167: =[1]Sheet1!$C169 -> EEE | D167: UNKN
A168: 53 | B168: =IFERROR(IF(AND(ISNUMBER(Sheet1!B170), Sheet1!B170=INT(Sheet1!B170), Sheet1!B170<>0), "C"&Sheet1!B170, Sheet1!B170), Sheet1!B170) -> C105 | C168: =[1]Sheet1!$C170 -> WNV 1 | D168: UNKN
...
